context_count,audit_size,channel_interval_half_width,channel_heterogeneity,score_gradient_noncollinearity_angle,false_certified_sign_rate,harmful_sample_update_rate,clean_gradient_cosine,certified_mass,cosine_gain_over_best_nonoracle,cosine_gain_over_H001,harmful_rate_reduction_over_best_nonoracle,harmful_rate_reduction_over_H001,point_limit_direction_difference,valid_coverage
2,64,0.02,0.0,0,0.0,0.0,0.9999807047562671,0.7333333333333333,-1.9295243732853074e-05,-1.7529755008549584e-05,0.0,0.0,0.0075593788214346706,True
2,64,0.02,0.0,45,0.0,0.0,0.9999884643854949,0.8666666666666666,-1.1535614504998292e-05,-5.9455991425094725e-06,0.0,0.0,0.002504541709009355,True
2,64,0.02,0.0,90,0.0,0.0,0.9998951746971902,0.9333333333333333,-0.00010482530280961911,-5.314088352350588e-05,0.0,0.0,0.0059616660797868265,True
2,64,0.02,0.15,0,0.0,0.0,0.9999940495186896,0.7999999999999999,-4.726179506664429e-06,-4.254615858845234e-06,0.0,0.0,0.004956414044436621,True
2,64,0.02,0.15,45,0.0,0.0,0.9999785018995692,0.9333333333333332,-1.4001515421546706e-05,-4.547173822455619e-06,0.0,0.0,0.0027949018586583556,True
2,64,0.02,0.15,90,0.0,0.0,0.9999419065872595,0.9333333333333332,-2.4076375921100456e-05,-2.0317951570292257e-05,0.0,0.0,0.005165070138347059,True
2,64,0.02,0.3,0,0.0,0.0,0.9999796781117013,0.9333333333333332,-2.019855315882335e-05,-1.990114283565436e-05,0.0,0.0,0.00934717949320766,True
2,64,0.02,0.3,45,0.0,0.0,0.9999618703877047,1.0,-3.3139108028801266e-05,-3.0460658970965505e-05,0.0,0.0,0.006313680281126708,True
2,64,0.02,0.3,90,0.0,0.0,0.9999843716096253,1.0,-1.3029345802162418e-05,-1.0306253587200054e-05,0.0,0.0,0.0038734416169821794,True
2,64,0.05,0.0,0,0.0,0.0,0.9999797035144935,0.6666666666666666,-2.0296485506543504e-05,-1.838163227401157e-05,0.0,0.06666666666666667,0.008387364943019884,True
2,64,0.05,0.0,45,0.0,0.0,0.9999804224917778,0.6666666666666666,-1.9577508222212713e-05,-1.0960684762251206e-06,0.0,0.0,0.0031038668478443167,True
2,64,0.05,0.0,90,0.0,0.0,0.999352320842676,0.6666666666666666,-0.0006476791573239548,-0.0003803534140245146,0.0,0.0,0.026960360568158835,True
2,64,0.05,0.15,0,0.0,0.0,0.9999814371716884,0.6666666666666666,-1.818554117480886e-05,-1.751139159995585e-05,0.0,0.0,0.011049323061219288,True
2,64,0.05,0.15,45,0.0,0.0,0.9999130358954295,0.6666666666666666,-7.524681111537035e-05,-7.371681684722464e-05,0.0,0.0,0.021204486462561303,True
2,64,0.05,0.15,90,0.0,0.0,0.9993325208912507,0.6666666666666666,-0.0004420555841438523,-0.0003827955161502805,0.0,0.0,0.019602846010639854,True
2,64,0.05,0.3,0,0.0,0.0,0.9999396710830875,0.6666666666666666,-5.6188599090378764e-05,-4.1020201559471835e-05,0.0,0.0,0.029954159017191492,True
2,64,0.05,0.3,45,0.0,0.0,0.9998876592701317,0.7333333333333332,-8.869835815052962e-05,-7.41858544588414e-05,0.0,0.0,0.018496267790316902,True
2,64,0.05,0.3,90,0.0,0.0,0.9994117726480853,0.6666666666666666,-0.0004645598682111229,-0.00040934233511367155,0.0,0.0,0.022052028864903893,True
2,64,0.1,0.0,0,0.0,0.0,0.9998413482202064,0.6666666666666666,-0.0001586517797935727,-0.00013674910533529873,0.0,0.13333333333333333,0.02569862459346262,True
2,64,0.1,0.0,45,0.0,0.0,0.9975529019348709,0.6333333333333333,-0.00244709806512895,-0.0020522033082825074,0.0,0.0,0.08507801578789842,True
2,64,0.1,0.0,90,0.0,0.0,0.9965143139312371,0.6333333333333333,-0.003485686068762872,-0.003118636189630086,0.0,0.0,0.11112114191782657,True
2,64,0.1,0.15,0,0.0,0.0,0.9998675825634263,0.5999999999999999,-0.00013075237909339067,-0.0001213048967438235,0.0,0.0,0.02566877792831882,True
2,64,0.1,0.15,45,0.0,0.0,0.9987517661186878,0.6666666666666666,-0.0011069279487303518,-0.0011069279487303518,0.0,0.0,0.062465510361074,True
2,64,0.1,0.15,90,0.0,0.0,0.994153073033545,0.6333333333333333,-0.005648038171187775,-0.004847675049010958,0.0,0.0,0.11325411791947865,True
2,64,0.1,0.3,0,0.0,0.0,0.9990482359031777,0.6333333333333333,-0.0009158290929884183,-0.0008994079099442053,0.0,0.0,0.06251411657080184,True
2,64,0.1,0.3,45,0.0,0.0,0.9971526269017428,0.6333333333333333,-0.002688432551801734,-0.0025935153735272996,0.0,0.0,0.09110174209150594,True
2,64,0.1,0.3,90,0.0,0.0,0.9960338315905363,0.6666666666666666,-0.003569505655387695,-0.0033781028977977632,0.0,0.0,0.08327072584256574,True
2,64,0.2,0.0,0,0.0,0.0,-0.2184338166724597,0.39999999999999997,-1.2184338166724598,-1.2183938059965604,0.0,0.0,1.997509002457213,True
2,64,0.2,0.0,45,0.0,0.0,0.5478413639836969,0.13333333333333333,-0.452158636016303,-0.45201551745675694,0.0,0.06666666666666667,1.0,True
2,64,0.2,0.0,90,0.0,0.0,0.5697264850402725,0.2,-0.43027351495972743,-0.42928512920198614,0.0,0.2,1.0,True
2,64,0.2,0.15,0,0.0,0.0,0.9963960782969998,0.4,-0.003559414618452261,-0.003556999210055212,0.0,0.0,0.1919658135689677,True
2,64,0.2,0.15,45,0.0,0.0,0.9979607394026987,0.3333333333333333,-0.001558951792851504,-0.0014045239649058462,0.0,0.0,0.13001292384172977,True
2,64,0.2,0.15,90,0.0,0.0,0.9944495861375616,0.3333333333333333,-0.005416229339675472,-0.004736124895795957,0.0,0.0,0.10339549921720483,True
2,64,0.2,0.3,0,0.0,0.0,0.9964282765845486,0.3333333333333333,-0.00343767867849607,-0.003149680934161414,0.0,0.0,0.16397823459667793,True
2,64,0.2,0.3,45,0.0,0.0,0.9985993541963541,0.36666666666666664,-0.0009185821991801069,-0.00015773824874045772,0.0,0.0,0.03242511276994674,True
2,64,0.2,0.3,90,0.0,0.0,0.995115953096985,0.4,-0.004699675920510837,-0.0030558941468309397,0.0,0.0,0.06682369301293767,True
2,128,0.02,0.0,0,0.0,0.0,0.9999824238553972,0.9333333333333332,-1.7576144602804434e-05,-1.687080121661744e-05,0.0,0.0,0.013185740318687833,True
2,128,0.02,0.0,45,0.0,0.0,0.9999860919238195,0.7999999999999999,-1.3908076180424444e-05,-6.128312409492409e-06,0.0,0.0,0.0022981302146382956,True
2,128,0.02,0.0,90,0.0,0.0,0.9999817443297612,0.9333333333333333,-1.825567023865382e-05,-1.3703576932799776e-05,0.0,0.0,0.00457335023052933,True
2,128,0.02,0.15,0,0.0,0.0,0.9999979288527676,0.9333333333333332,-1.949958460234491e-06,-1.949390715427768e-06,0.0,0.0,0.004386301709713238,True
2,128,0.02,0.15,45,0.0,0.0,0.9999913995226196,0.7999999999999999,-4.131748804270252e-06,-3.287630270820685e-06,0.0,0.0,0.0022397866536945084,True
2,128,0.02,0.15,90,0.0,0.0,0.9999728910744692,0.8666666666666666,-1.5302607891465315e-05,-1.2494318140054973e-05,0.0,0.0,0.004292776673732398,True
2,128,0.02,0.3,0,0.0,0.0,0.9999875131743989,0.9333333333333332,-1.2286703650610242e-05,-1.2236426114409226e-05,0.0,0.0,0.00882025616170409,True
2,128,0.02,0.3,45,0.0,0.0,0.999997826741526,0.9333333333333332,1.2790766977577305e-06,3.2313499533476174e-06,0.0,0.0,0.002742957287309753,True
2,128,0.02,0.3,90,0.0,0.0,0.9999846327570225,0.9333333333333333,-1.1400340149769761e-05,-9.44145744559144e-06,0.0,0.0,0.004090210113115517,True
2,128,0.05,0.0,0,0.0,0.0,0.9999818159050987,0.6666666666666666,-1.8184094901285697e-05,-1.5363317567773648e-05,0.0,0.0,0.011966840783404755,True
2,128,0.05,0.0,45,0.0,0.0,0.9999460151150782,0.6666666666666666,-5.398488492180942e-05,-2.1400809648275397e-05,0.0,0.0,0.006463169046935242,True
2,128,0.05,0.0,90,0.0,0.0,0.999855860858824,0.6666666666666666,-0.00014413914117579197,-8.624947742839063e-05,0.0,0.0,0.014537693832542045,True
2,128,0.05,0.15,0,0.0,0.0,0.9999810511338414,0.6666666666666666,-1.808562440916983e-05,-1.7504325124573227e-05,0.0,0.0,0.009497304859084232,True
2,128,0.05,0.15,45,0.0,0.0,0.9999489839322294,0.6666666666666666,-9.873300754148496e-06,-9.873300754148496e-06,0.0,0.0,0.014633231996332423,True
2,128,0.05,0.15,90,0.0,0.0,0.9997604750683771,0.6666666666666666,-0.00018367988537331125,-0.0001433118167062375,0.0,0.0,0.017060398029795594,True
2,128,0.05,0.3,0,0.0,0.0,0.9999764239134683,0.6666666666666666,-2.004653206579832e-05,-2.004653206579832e-05,0.0,0.0,0.011935299237060003,True
2,128,0.05,0.3,45,0.0,0.0,0.9997177274787099,0.6666666666666666,-0.00024375702535512912,-0.00024375702535512912,0.0,0.0,0.029411640652187522,True
2,128,0.05,0.3,90,0.0,0.0,0.9998068040455002,0.6666666666666666,-0.0001462268026754865,-0.00011427670281067836,0.0,0.0,0.017179693959049707,True
2,128,0.1,0.0,0,0.0,0.0,0.9998997013427869,0.6666666666666666,-0.00010029865721283837,-8.820421196291673e-05,0.0,0.06666666666666667,0.02770464411820244,True
2,128,0.1,0.0,45,0.0,0.0,0.9976909364056116,0.6666666666666666,-0.0023090635943883832,-0.002083709176793902,0.0,0.06666666666666667,0.07344663651578633,True
2,128,0.1,0.0,90,0.0,0.0,0.9969236171907404,0.6666666666666666,-0.0030763828092594814,-0.002872537856846713,0.0,0.2,0.09552240329439562,True
2,128,0.1,0.15,0,0.0,0.0,0.9993676327692362,0.6666666666666666,-0.0006272386488634484,-0.0006238042227860952,0.0,0.0,0.0586002823673464,True
2,128,0.1,0.15,45,0.0,0.0,0.996864772298304,0.6666666666666666,-0.002990872535922362,-0.002990872535922362,0.0,0.0,0.0986696139111731,True
2,128,0.1,0.15,90,0.0,0.0,0.9969525800024123,0.6666666666666666,-0.002958254460444043,-0.00283093056918704,0.0,0.0,0.0783733735704238,True
2,128,0.1,0.3,0,0.0,0.0,0.9994858385889895,0.6666666666666666,-0.0005033448078351598,-0.0004995619149743558,0.0,0.0,0.042927716294930224,True
2,128,0.1,0.3,45,0.0,0.0,0.9993159402908967,0.6666666666666666,-0.0006073260880820497,-0.0005510225822043857,0.0,0.0,0.04045371179070254,True
2,128,0.1,0.3,90,0.0,0.0,0.9971310580803024,0.6666666666666666,-0.0026449059410180277,-0.0025204806053240603,0.0,0.0,0.08268464540007364,True
2,128,0.2,0.0,0,0.0,0.0,-0.0215795887209848,0.2333333333333333,-1.0215795887209846,-1.0215373375450953,0.0,0.13333333333333333,1.9998728055082273,True
2,128,0.2,0.0,45,0.0,0.0,0.513684661771614,0.19999999999999998,-0.486315338228386,-0.48625745299157686,0.0,0.06666666666666667,1.0,True
2,128,0.2,0.0,90,0.0,0.0,0.7633534349700091,0.23333333333333334,-0.23664656502999087,-0.2358660235149034,0.0,0.06666666666666667,1.0,True
2,128,0.2,0.15,0,0.0,0.0,0.6052004094339519,0.3333333333333333,-0.3947353375281307,-0.3947353375281307,0.0,0.0,1.9811765678423798,True
2,128,0.2,0.15,45,0.0,0.0,0.9884507238753484,0.39999999999999997,-0.011451109054154496,-0.011451109054154496,0.0,0.0,0.2029339032579041,True
2,128,0.2,0.15,90,0.0,0.0,0.9982901934401018,0.3666666666666666,-0.0016006385998458494,-0.0015055471904469985,0.0,0.0,0.08903932282517661,True
2,128,0.2,0.3,0,0.0,0.0,0.9996469574060907,0.3666666666666666,-0.00011898946640034324,4.589429320756011e-06,0.0,0.0,0.01858172368574424,True
2,128,0.2,0.3,45,0.0,0.0,0.9989855301485375,0.3333333333333333,-0.0006240753951185285,-0.0004152268052217023,0.0,0.0,0.06447817599739065,True
2,128,0.2,0.3,90,0.0,0.0,0.9954598577516585,0.3333333333333333,-0.004411660134660056,-0.0036389719739942316,0.0,0.0,0.06729802260565228,True
2,256,0.02,0.0,0,0.0,0.0,0.9999969753844813,0.8666666666666666,-3.02461551868749e-06,-2.9782642774645042e-06,0.0,0.0,0.0039776590135506855,True
2,256,0.02,0.0,45,0.0,0.0,0.9999985176396132,1.0,-1.4823603868174828e-06,-3.567213251454149e-07,0.0,0.0,0.002659336840542416,True
2,256,0.02,0.0,90,0.0,0.0,0.9999871326694242,0.8666666666666666,-1.286733057566103e-05,-3.852778590252015e-06,0.0,0.0,0.0035282485793654557,True
2,256,0.02,0.15,0,0.0,0.0,0.9999900087230129,1.0,-9.436968693732339e-06,-9.434433816624122e-06,0.0,0.0,0.007601668189260422,True
2,256,0.02,0.15,45,0.0,0.0,0.9999892347683641,0.9333333333333332,-7.119856945236869e-06,-6.37694449934223e-06,0.0,0.0,0.0031817450200174974,True
2,256,0.02,0.15,90,0.0,0.0,0.9999798362426233,0.8666666666666666,-1.1409672939954874e-05,-9.365625444623937e-06,0.0,0.0,0.0041665315897831965,True
2,256,0.02,0.3,0,0.0,0.0,0.9999864994878263,1.0,-1.3201360563663834e-05,-1.3201070910251467e-05,0.0,0.0,0.007502505110233206,True
2,256,0.02,0.3,45,0.0,0.0,0.9999750715914087,1.0,-2.2772660710135283e-05,-2.143788541144609e-05,0.0,0.0,0.006561846298297138,True
2,256,0.02,0.3,90,0.0,0.0,0.999989444417292,1.0,-7.856641531356345e-06,-6.3919685802993346e-06,0.0,0.0,0.0036617756887688886,True
2,256,0.05,0.0,0,0.0,0.0,0.9999829516150394,0.6666666666666666,-1.7048384960705044e-05,-1.6539901417167437e-05,0.0,0.0,0.00867884636604699,True
2,256,0.05,0.0,45,0.0,0.0,0.9999652772731332,0.6666666666666666,-3.4722726866665e-05,-1.3744951250482807e-05,0.0,0.0,0.003035082007813688,True
2,256,0.05,0.0,90,0.0,0.0,0.9997456452556758,0.6666666666666666,-0.00025435474432415893,-0.0001803738713180403,0.0,0.0,0.01675415953722527,True
2,256,0.05,0.15,0,0.0,0.0,0.9999831829691083,0.6666666666666666,-1.5232228552441996e-05,-1.4920212083469054e-05,0.0,0.0,0.009805670652470753,True
2,256,0.05,0.15,45,0.0,0.0,0.9999585501076144,0.6666666666666666,-1.8204340579819345e-05,-1.8204340579819345e-05,0.0,0.0,0.008224369964098624,True
2,256,0.05,0.15,90,0.0,0.0,0.9998049645656726,0.6666666666666666,-0.00017189813137001851,-0.0001222919055392513,0.0,0.0,0.015724987973304645,True
2,256,0.05,0.3,0,0.0,0.0,0.9999317798105718,0.6666666666666666,-5.9141614869662186e-05,-5.9017797360705336e-05,0.0,0.0,0.012645020378939104,True
2,256,0.05,0.3,45,0.0,0.0,0.999784432849108,0.6666666666666666,-0.00018270285121786413,-0.00018210178900714968,0.0,0.0,0.019497967413824823,True
2,256,0.05,0.3,90,0.0,0.0,0.9998654787339423,0.6666666666666666,-0.0001147620832202545,-7.452349369676536e-05,0.0,0.0,0.014524618063714693,True
2,256,0.1,0.0,0,0.0,0.0,0.9996586164376285,0.6666666666666666,-0.000341383562371389,-0.00032664963961157587,0.0,0.0,0.03149741480610681,True
2,256,0.1,0.0,45,0.0,0.0,0.999533829374489,0.6666666666666666,-0.00046617062551101984,-0.0004425416861122411,0.0,0.0,0.03511421703040497,True
2,256,0.1,0.0,90,0.0,0.0,0.9985269651015345,0.6666666666666666,-0.0014730348984653974,-0.001382507848557868,0.0,0.0,0.06388753236293206,True
2,256,0.1,0.15,0,0.0,0.0,0.9986215642119973,0.6666666666666666,-0.0013599656356224842,-0.0013586984359301724,0.0,0.0,0.07515320274891911,True
2,256,0.1,0.15,45,0.0,0.0,0.9979065151412463,0.6666666666666666,-0.0020119702098025495,-0.0020119702098025495,0.0,0.0,0.08302042949740289,True
2,256,0.1,0.15,90,0.0,0.0,0.9985654163175749,0.6666666666666666,-0.001318178546340376,-0.001201777441483931,0.0,0.0,0.055847990610844896,True
2,256,0.1,0.3,0,0.0,0.0,0.9997875601560067,0.6666666666666666,-0.00019958848231642622,-0.00019869671479189055,0.0,0.0,0.0291016656953034,True
2,256,0.1,0.3,45,0.0,0.0,0.9973201068572843,0.6666666666666666,-0.002521400693852227,-0.002425072776752679,0.0,0.0,0.06674981292668541,True
2,256,0.1,0.3,90,0.0,0.0,0.9989863304969522,0.6666666666666666,-0.0009219165714692501,-0.0009146666878438791,0.0,0.0,0.05129465560755565,True
2,256,0.2,0.0,0,0.0,0.0,0.7994080558987807,0.19999999999999998,-0.20059194410121917,-0.20058307169540496,0.0,0.0,1.0000000000000002,True
2,256,0.2,0.0,45,0.0,0.0,0.5735517178588448,0.13333333333333333,-0.42644828214115515,-0.4263802910621092,0.0,0.0,1.0000000000000002,True
2,256,0.2,0.0,90,0.0,0.0,0.875280171164694,0.19999999999999998,-0.12471982883530593,-0.12435269171903793,0.0,0.0,0.5946037699284697,True
2,256,0.2,0.15,0,0.0,0.0,0.6132716796506658,0.3333333333333333,-0.3866897429048829,-0.3866802636337333,0.0,0.0,1.9643084610824217,True
2,256,0.2,0.15,45,0.0,0.0,0.9837896613700134,0.3333333333333333,-0.016001922444478976,-0.016001922444478976,0.0,0.0,0.19519966393060803,True
2,256,0.2,0.15,90,0.0,0.0,0.996253431383316,0.3333333333333333,-0.003680104220705749,-0.003565645563084341,0.0,0.0,0.10336896524396975,True
2,256,0.2,0.3,0,0.0,0.0,0.9998557356464314,0.3333333333333333,-0.00011685098267260053,-1.4581315711326148e-05,0.0,0.0,0.013071303922973272,True
2,256,0.2,0.3,45,0.0,0.0,0.9990925885615178,0.3333333333333333,-0.0008234617652590704,0.00012491570959662912,0.0,0.0,0.03402159891500426,True
2,256,0.2,0.3,90,0.0,0.0,0.9951194823342588,0.3333333333333333,-0.0047916791133860714,-0.004138318183288381,0.0,0.0,0.08528671113714015,True
4,64,0.02,0.0,0,0.0,0.0,0.9999989821248201,0.6666666666666666,-1.017875179787353e-06,-7.235371180858152e-07,0.0,0.016666666666666666,0.0023813099245678297,True
4,64,0.02,0.0,45,0.0,0.0,0.9999973846847918,0.6666666666666666,-2.6153152081098698e-06,6.820678165597727e-07,0.0,0.0,0.0013556549814366322,True
4,64,0.02,0.0,90,0.0,0.0,0.9999926408679114,0.6666666666666666,-7.3591320885135755e-06,-2.6741018663622994e-06,0.0,0.0,0.0029436441192361956,True
4,64,0.02,0.15,0,0.0,0.0,0.9999983509082897,0.6666666666666666,-1.1196550058212296e-06,1.2495532069500825e-06,0.0,0.0,0.0032186116381301456,True
4,64,0.02,0.15,45,0.0,0.0,0.9999973928691602,0.6666666666666666,-8.487378626353959e-07,-4.4971294426154885e-07,0.0,0.06666666666666667,0.001025851603401011,True
4,64,0.02,0.15,90,0.0,0.0,0.9999977192979603,0.6833333333333333,-1.244714667625324e-06,1.0656443654610825e-06,0.0,0.05,0.0028305114250527594,True
4,64,0.02,0.3,0,0.0,0.0,0.9999950352730634,0.6833333333333332,-4.7131607201489345e-06,-4.486562650218851e-06,0.0,0.016666666666666666,0.006006416858718696,True
4,64,0.02,0.3,45,0.0,0.0,0.9999993753010831,0.6833333333333332,7.752917236647506e-07,3.6154339961180783e-06,0.0,0.0,0.004291560464405807,True
4,64,0.02,0.3,90,0.0,0.0,0.9999761036017585,0.6666666666666666,-1.0439588446220505e-05,-7.3440432895033325e-06,0.0,0.0,0.0050490614756550905,True
4,64,0.05,0.0,0,0.0,0.0,0.9999976157551673,0.6666666666666666,-2.3842448326760746e-06,-1.7489000060155745e-06,0.0,0.03333333333333333,0.0041584148493591325,True
4,64,0.05,0.0,45,0.0,0.0,0.9999369243317847,0.6666666666666666,-6.307566821515121e-05,-4.1128700787984585e-05,0.0,0.05,0.008945190926518224,True
4,64,0.05,0.0,90,0.0,0.0,0.9996515307801971,0.6666666666666666,-0.000348469219802916,-0.00023305009636134243,0.0,0.016666666666666666,0.020072946376794215,True
4,64,0.05,0.15,0,0.0,0.0,0.9999697239664368,0.6666666666666666,-2.752425709104944e-05,-2.2650269518198485e-05,0.0,0.1,0.010528921851820545,True
4,64,0.05,0.15,45,0.0,0.0,0.9999191217398341,0.6666666666666666,-6.0981705618146084e-05,-5.8329682085589416e-05,0.0,0.05,0.015184802382387943,True
4,64,0.05,0.15,90,0.0,0.0,0.999960537447774,0.6666666666666666,-2.62351854466214e-05,-2.0636817030239563e-05,0.0,0.03333333333333333,0.010084832583785343,True
4,64,0.05,0.3,0,0.0,0.0,0.9999889060854186,0.6666666666666666,-7.859296668510928e-06,-7.676686884550143e-06,0.0,0.03333333333333333,0.0046563062553078285,True
4,64,0.05,0.3,45,0.0,0.0,0.9999441785664068,0.6666666666666666,-4.558993072931727e-05,-4.076911661046179e-05,0.0,0.03333333333333333,0.013640529286061652,True
4,64,0.05,0.3,90,0.0,0.0,0.9999126487776551,0.6666666666666666,-7.687037915835582e-05,-5.141397106227519e-05,0.0,0.0,0.00956104288411132,True
4,64,0.1,0.0,0,0.0,0.0,0.9970047374959329,0.4,-0.0029952625040669868,-0.0029896029741369955,0.0,0.1,0.1690619794254711,True
4,64,0.1,0.0,45,0.0,0.0,0.997924140502523,0.35,-0.0020758594974770615,-0.001998547714959864,0.0,0.08333333333333333,0.10119963102315642,True
4,64,0.1,0.0,90,0.0,0.0,0.9855996939294615,0.36666666666666664,-0.014400306070538549,-0.014122889617615274,0.0,0.1,0.30667129703837426,True
4,64,0.1,0.15,0,0.0,0.0,0.9993463636870065,0.4666666666666667,-0.0006334721498863383,-0.0006313337252370043,0.0,0.05,0.06463605358550319,True
4,64,0.1,0.15,45,0.0,0.0,0.9896434805592529,0.4666666666666667,-0.010330861253203882,-0.010327411814838094,0.0,0.05,0.25480292829154094,True
4,64,0.1,0.15,90,0.0,0.0,0.9945817273685764,0.4166666666666667,-0.005321921244257033,-0.005269224966221198,0.0,0.06666666666666667,0.14514387269981308,True
4,64,0.1,0.3,0,0.0,0.0,0.99684483221317,0.5,-0.0031472745302953075,-0.003144865513092987,0.025,0.1,0.1473234455099963,True
4,64,0.1,0.3,45,0.0,0.0,0.9961737273959269,0.4333333333333333,-0.003797101197353192,-0.003797101197353192,0.0,0.06666666666666667,0.10428817071034106,True
4,64,0.1,0.3,90,0.0,0.0,0.9975322884791226,0.45,-0.002424826706587524,-0.002307504966476359,0.0,0.08333333333333333,0.1289038832908075,True
4,64,0.2,0.0,0,0.0,0.0,0.0,0.0,-1.0,-0.9999579772336444,0.0,0.08333333333333333,1.0,True
4,64,0.2,0.0,45,0.0,0.0,0.0,0.0,-1.0,-0.9998744635141273,0.0,0.11666666666666665,1.0,True
4,64,0.2,0.0,90,0.0,0.0,0.0,0.0,-1.0,-0.9999232371102981,0.0,0.06666666666666667,1.0,True
4,64,0.2,0.15,0,0.0,0.0,3.105689284423896e-05,0.03333333333333333,-0.9999629889825219,-0.9999114336604172,0.0,0.08333333333333333,1.9998210131174015,True
4,64,0.2,0.15,45,0.0,0.0,0.31649874991408966,0.03333333333333333,-0.6833066749826661,-0.6833024846766638,0.0,0.06666666666666667,1.0,True
4,64,0.2,0.15,90,0.0,0.0,0.5399254723044837,0.06666666666666667,-0.46002562651739554,-0.4598933865535467,0.0,0.06666666666666667,1.0,True
4,64,0.2,0.3,0,0.0,0.0,-0.19989329971651573,0.15,-1.1998139462067994,-1.1997163054670195,0.0,0.03333333333333333,1.9999997990646874,True
4,64,0.2,0.3,45,0.0,0.0,0.9868515931801694,0.1833333333333333,-0.013088210803667556,-0.01277690290971698,0.0,0.05,0.2483897793478493,True
4,64,0.2,0.3,90,0.0,0.0,0.9088662372373324,0.16666666666666666,-0.09105059473008541,-0.0909224473652512,0.0,0.03333333333333333,0.5877793169428204,True
4,128,0.02,0.0,0,0.0,0.0,0.99999525659623,0.6666666666666666,-4.7434037700577745e-06,-4.365293003116833e-06,0.0,0.0,0.0041179024885905705,True
4,128,0.02,0.0,45,0.0,0.0,0.9999988905654658,0.6666666666666666,-1.1094345341744471e-06,-9.148804247516295e-09,0.0,0.0,0.0007375385052692372,True
4,128,0.02,0.0,90,0.0,0.0,0.9999948307508794,0.6666666666666666,-5.169249120395847e-06,-4.0811821733433e-06,0.0,0.0,0.0027600609130614055,True
4,128,0.02,0.15,0,0.0,0.0,0.9999965421034425,0.6666666666666666,-3.1398087862344328e-06,-3.1343192911093e-06,0.0,0.03333333333333333,0.004984358110920613,True
4,128,0.02,0.15,45,0.0,0.0,0.9999974794936024,0.6666666666666666,-7.863976275723772e-07,-5.707558444312256e-07,0.0,0.0,0.0009696148440379326,True
4,128,0.02,0.15,90,0.0,0.0,0.999994907325445,0.6666666666666666,-4.311742234541782e-06,-3.902714392522988e-06,0.0,0.0,0.0030181396238140997,True
4,128,0.02,0.3,0,0.0,0.0,0.9999972768414829,0.6666666666666666,-2.595537724614516e-06,-2.297919201521559e-06,0.0,0.016666666666666666,0.003733107384018337,True
4,128,0.02,0.3,45,0.0,0.0,0.9999948593909286,0.6666666666666666,-4.801211013538698e-06,-4.0911632009477115e-06,0.0,0.0,0.0025020404943048354,True
4,128,0.02,0.3,90,0.0,0.0,0.9999863257850551,0.6666666666666666,-8.165964673412241e-06,-6.057300606809868e-06,0.0,0.0,0.003441501986580839,True
4,128,0.05,0.0,0,0.0,0.0,0.9999901922348611,0.6666666666666666,-9.807765138702962e-06,-8.570180750000488e-06,0.0,0.03333333333333333,0.005213650840682097,True
4,128,0.05,0.0,45,0.0,0.0,0.999976621306023,0.6666666666666666,-2.3378693976860988e-05,-2.1002098643130295e-05,0.0,0.016666666666666666,0.007425339667288215,True
4,128,0.05,0.0,90,0.0,0.0,0.9999547278951404,0.6666666666666666,-4.5272104859694905e-05,-1.3232839264376572e-05,0.0,0.06666666666666667,0.005149898676760489,True
4,128,0.05,0.15,0,0.0,0.0,0.9999959145734476,0.6666666666666666,-2.127572229726482e-06,-6.672599077051089e-07,0.0,0.03333333333333333,0.0024210921916540755,True
4,128,0.05,0.15,45,0.0,0.0,0.9999818253712898,0.6666666666666666,-1.394436048451908e-05,-1.2348173609333379e-05,0.0,0.05,0.006149149389629874,True
4,128,0.05,0.15,90,0.0,0.0,0.9998956821415602,0.6666666666666666,-7.88065156738016e-05,-6.989863755710868e-05,0.0,0.08333333333333333,0.014369921341170093,True
4,128,0.05,0.3,0,0.0,0.0,0.9999893138119423,0.6666666666666666,-1.0566342625706327e-05,-1.041058674480233e-05,0.0,0.03333333333333333,0.007229338232911635,True
4,128,0.05,0.3,45,0.0,0.0,0.9998971962337391,0.6666666666666666,-9.872995140312036e-05,-9.813504862499212e-05,0.0,0.016666666666666666,0.015867485102529597,True
4,128,0.05,0.3,90,0.0,0.0,0.9999834231673216,0.6666666666666666,-1.2490603415993285e-05,4.068441825166857e-06,0.0,0.016666666666666666,0.00970189683255532,True
4,128,0.1,0.0,0,0.0,0.0,0.9995149449277619,0.3833333333333333,-0.0004850550722380609,-0.0004748010053155172,0.0,0.08333333333333333,0.05866018292165789,True
4,128,0.1,0.0,45,0.0,0.0,0.9993509613107625,0.4166666666666667,-0.0006490386892375799,-0.000632089730519958,0.0,0.06666666666666667,0.05375830720894968,True
4,128,0.1,0.0,90,0.0,0.0,0.9984517238694073,0.4333333333333334,-0.0015482761305925853,-0.0015125385703429694,0.0,0.05,0.09334524726617817,True
4,128,0.1,0.15,0,0.0,0.0,0.5979283278105895,0.45,-0.4020706106132238,-0.40206804267295554,0.0,0.06666666666666667,1.998467979960185,True
4,128,0.1,0.15,45,0.0,0.0,0.9930874848649461,0.38333333333333336,-0.00689715527778414,-0.006875326696696082,0.0,0.08333333333333333,0.1520555354909352,True
4,128,0.1,0.15,90,0.0,0.0,0.9991400603003298,0.39999999999999997,-0.0008534615388514633,-0.0008179188209981759,0.0,0.05,0.06014509684360477,True
4,128,0.1,0.3,0,0.0,0.0,0.9892589256951176,0.5,-0.010732712123719911,-0.010720939226694103,0.0,0.05,0.29719346919343526,True
4,128,0.1,0.3,45,0.0,0.0,0.9964975095584947,0.45,-0.00346926581359972,-0.00346926581359972,0.0,0.06666666666666667,0.11536080995893797,True
4,128,0.1,0.3,90,0.0,0.0,0.9991799124424994,0.4333333333333334,-0.0007912570627416126,-0.0007352546287249462,0.0,0.05,0.040259127778922925,True
4,128,0.2,0.0,0,0.0,0.0,0.0,0.0,-1.0,-0.9999932867432657,0.0,0.08333333333333333,1.0,True
4,128,0.2,0.0,45,0.0,0.0,0.0,0.0,-0.9999999999999998,-0.9997944420689213,0.0,0.08333333333333333,1.0,True
4,128,0.2,0.0,90,0.0,0.0,0.0,0.0,-1.0,-0.9998663703708418,0.0,0.1,1.0,True
4,128,0.2,0.15,0,0.0,0.0,0.0,0.0,-0.9999913007787524,-0.9999485844432758,0.0,0.05,1.0,True
4,128,0.2,0.15,45,0.0,0.0,0.0,0.0,-0.9998956139538718,-0.9998831708422669,0.0,0.05,1.0,True
4,128,0.2,0.15,90,0.0,0.0,0.0,0.0,-0.9999283745439314,-0.9996272561256128,0.0,0.06666666666666667,1.0,True
4,128,0.2,0.3,0,0.0,0.0,-0.20233170829710517,0.14999999999999997,-1.2022524213237833,-1.2022267848699117,0.0,0.016666666666666666,1.9998116797326095,True
4,128,0.2,0.3,45,0.0,0.0,0.8856436977039399,0.11666666666666665,-0.11419727057492761,-0.11418422223839912,0.0,0.0,0.6462158427110263,True
4,128,0.2,0.3,90,0.0,0.0,0.9221543396725744,0.14999999999999997,-0.07748789165471057,-0.0773931818990519,0.0,0.0,0.4917982757518491,True
4,256,0.02,0.0,0,0.0,0.0,0.9999986658095041,0.6666666666666666,-1.334190495683174e-06,-1.1325009513951656e-06,0.0,0.0,0.002294358538841145,True
4,256,0.02,0.0,45,0.0,0.0,0.9999992493548946,0.6666666666666666,-7.506451054073437e-07,-5.04042236215696e-07,0.0,0.0,0.0012444378125301618,True
4,256,0.02,0.0,90,0.0,0.0,0.9999980566122989,0.6666666666666666,-1.9433877009866762e-06,-8.089934961930112e-08,0.0,0.0,0.0017783078649910627,True
4,256,0.02,0.15,0,0.0,0.0,0.9999982839377413,0.6666666666666666,-1.6433903773815927e-06,-1.6175172167898211e-06,0.0,0.0,0.002639986516347219,True
4,256,0.02,0.15,45,0.0,0.0,0.9999990695279847,0.6666666666666666,-3.0114226536870346e-07,-5.5963073308795684e-08,0.0,0.0,0.0007143602478137625,True
4,256,0.02,0.15,90,0.0,0.0,0.9999955444627988,0.6666666666666666,-9.53203197928687e-07,-4.0459781078805437e-07,0.0,0.0,0.0025411617086098103,True
4,256,0.02,0.3,0,0.0,0.0,0.9999962505832084,0.6666666666666666,-3.6914775986440775e-06,-3.6398299904316645e-06,0.0,0.0,0.005428163037878,True
4,256,0.02,0.3,45,0.0,0.0,0.999999928004969,0.6666666666666666,3.0134366686418445e-07,3.0134366686418445e-07,0.0,0.0,0.001833086533085053,True
4,256,0.02,0.3,90,0.0,0.0,0.9999973821725667,0.6666666666666666,-1.8849130782871981e-06,-8.359244039857217e-07,0.0,0.0,0.0015707278827998877,True
4,256,0.05,0.0,0,0.0,0.0,0.9999971488373547,0.6666666666666666,-2.8511626453564533e-06,-5.520410083059702e-07,0.0,0.05,0.0051942827314708645,True
4,256,0.05,0.0,45,0.0,0.0,0.999976182519276,0.6666666666666666,-2.381748072406431e-05,-1.4954927960064702e-05,0.0,0.08333333333333333,0.006061028441638325,True
4,256,0.05,0.0,90,0.0,0.0,0.9999564589713236,0.6666666666666666,-4.354102867638598e-05,-4.1119957685897826e-05,0.0,0.0,0.011001306327038678,True
4,256,0.05,0.15,0,0.0,0.0,0.9999839077896739,0.6666666666666666,-1.5792866407648988e-05,-1.3576186217534314e-05,0.0,0.05,0.007817789581379506,True
4,256,0.05,0.15,45,0.0,0.0,0.9999803223131163,0.6666666666666666,-1.1768940454626176e-05,-1.1768940454626176e-05,0.0,0.016666666666666666,0.007437910141474591,True
4,256,0.05,0.15,90,0.0,0.0,0.9999441184485889,0.6666666666666666,-5.2212969909359866e-05,-5.015153239924519e-05,0.0,0.016666666666666666,0.011497245702403095,True
4,256,0.05,0.3,0,0.0,0.0,0.9999894928681664,0.6666666666666666,-9.368097267659082e-06,-7.456658404270123e-06,0.0,0.05,0.006742510382189595,True
4,256,0.05,0.3,45,0.0,0.0,0.9999267376766932,0.6666666666666666,-7.002964217814878e-05,-6.868216199491517e-05,0.0,0.05,0.013072593287460207,True
4,256,0.05,0.3,90,0.0,0.0,0.9999874930976536,0.6666666666666666,-1.1578455912641949e-05,-2.599879433340391e-06,0.0,0.05,0.009281519409251518,True
4,256,0.1,0.0,0,0.0,0.0,0.9997345088016344,0.36666666666666664,-0.0002654911983656083,-0.0002634516679595578,0.0,0.05,0.044547567853796745,True
4,256,0.1,0.0,45,0.0,0.0,0.9961556152663252,0.38333333333333336,-0.003844384733674833,-0.0038228057861680485,0.0,0.1,0.15179669754542283,True
4,256,0.1,0.0,90,0.0,0.0,0.9923925172372032,0.4333333333333333,-0.007607482762796769,-0.0075430321100875995,0.0,0.05,0.17363384768550363,True
4,256,0.1,0.15,0,0.0,0.0,0.487179445509461,0.4333333333333333,-0.5128203394753148,-0.5128195848439463,0.0,0.05,1.9889143181487494,True
4,256,0.1,0.15,45,0.0,0.0,0.9957547335305066,0.4333333333333334,-0.004234795855072937,-0.00423181005394282,0.0,0.03333333333333333,0.12761945506685432,True
4,256,0.1,0.15,90,0.0,0.0,0.9983729061477392,0.4166666666666667,-0.0016079510396812102,-0.001592079803742763,0.0,0.05,0.0915139734609248,True
4,256,0.1,0.3,0,0.0,0.0,0.9980311509934976,0.4,-0.0019655602595322285,-0.001960467732104476,0.0,0.016666666666666666,0.10257381978428626,True
4,256,0.1,0.3,45,0.0,0.0,0.9948578441360387,0.4166666666666667,-0.0051068675701715135,-0.0051068675701715135,0.0,0.03333333333333333,0.14913770970226795,True
4,256,0.1,0.3,90,0.0,0.0,0.9993800656003223,0.3833333333333333,-0.0006024211731681994,-0.0005912377110330435,0.0,0.016666666666666666,0.04604449707048793,True
4,256,0.2,0.0,0,0.0,0.0,0.0,0.0,-1.0,-0.9999983754399813,0.0,0.05,1.0,True
4,256,0.2,0.0,45,0.0,0.0,0.0,0.0,-1.0,-0.9999790753390784,0.0,0.08333333333333333,1.0,True
4,256,0.2,0.0,90,0.0,0.0,0.0,0.0,-1.0,-0.9999697998791703,0.0,0.05,1.0,True
4,256,0.2,0.15,0,0.0,0.0,0.0,0.0,-0.9999876190904633,-0.999976269228223,0.0,0.016666666666666666,1.0,True
4,256,0.2,0.15,45,0.0,0.0,0.0,0.0,-0.9999276946786821,-0.9999276946786821,0.0,0.03333333333333333,1.0,True
4,256,0.2,0.15,90,0.0,0.0,0.0,0.0,-0.9999610717134783,-0.9999397445216506,0.0,0.05,1.0,True
4,256,0.2,0.3,0,0.0,0.0,0.9990911636496858,0.16666666666666666,-0.0008439074125267121,-0.0007982752255423665,0.0,0.0,0.059325218907235897,True
4,256,0.2,0.3,45,0.0,0.0,0.9558454495590609,0.14999999999999997,-0.04388338782176646,-0.0438191086694192,0.0,0.03333333333333333,0.6234573916668731,True
4,256,0.2,0.3,90,0.0,0.0,0.971711006170084,0.16666666666666666,-0.02817618487483098,-0.028088311519224262,0.0,0.0,0.3742131524349601,True
